{"accuracy": 0.8328603227601559, "precision": 0.9785351803593472, "recall": 0.8413573513370087, "f1_score": 0.9047762471664316}