{"accuracy": 0.825765164162493, "precision": 0.9790132420564949, "recall": 0.8335344852962822, "f1_score": 0.9004356536394569}